City_ID,City,Country,Date,Lat,Lng,Max Temp,Humidity,Cloudiness,Wind Speed
0,Port Alfred,ZA,2019-11-06 03:46:24,-33.59,26.89,64.0,85,56,1.99
1,Hithadhoo,MV,2019-11-06 03:46:24,-0.6,73.08,81.99,73,67,7.63
2,Betong,MY,2019-11-06 03:46:25,5.77,101.07,86.36,56,3,1.57
3,Cape Town,ZA,2019-11-06 03:44:10,-33.93,18.42,64.0,93,75,13.87
4,Noyabrsk,RU,2019-11-06 03:46:25,63.2,75.45,8.76,94,0,11.45
5,Hobart,AU,2019-11-06 03:46:26,-42.88,147.33,64.4,18,75,19.46
6,Rikitea,PF,2019-11-06 03:46:27,-23.12,-134.97,77.63,77,67,1.41
7,Lompoc,US,2019-11-06 03:46:27,34.64,-120.46,59.0,87,1,10.42
8,Vaini,IN,2019-11-06 03:46:28,15.34,74.49,75.2,83,20,3.06
9,Rangapara,IN,2019-11-06 03:46:28,26.82,92.69,70.83,58,0,3.67
10,New Norfolk,AU,2019-11-06 03:46:29,-42.78,147.06,64.4,18,75,19.46
11,Astara,AZ,2019-11-06 03:46:29,38.42,48.87,42.8,100,40,7.38
12,Kapaa,US,2019-11-06 03:42:17,22.08,-159.32,82.4,78,40,2.3
13,Shelburne,CA,2019-11-06 03:46:31,44.08,-80.2,36.0,86,90,10.8
14,Husavik,CA,2019-11-06 03:46:33,50.56,-96.99,18.0,88,100,3.0
15,Puerto Ayora,EC,2019-11-06 03:43:30,-0.74,-90.35,68.0,92,11,5.99
16,Nikki,BJ,2019-11-06 03:46:34,9.94,3.21,73.47,65,0,4.29
17,Ushuaia,AR,2019-11-06 03:46:34,-54.81,-68.31,35.6,98,90,6.93
18,Mookane,BW,2019-11-06 03:46:34,-23.68,26.66,67.64,50,0,5.88
19,Butaritari,KI,2019-11-06 03:43:31,3.07,172.79,84.83,71,65,9.66
20,Alofi,NU,2019-11-06 03:46:35,-19.06,-169.92,78.8,57,40,11.41
21,Port Elizabeth,US,2019-11-06 03:46:36,39.31,-74.98,55.4,93,90,6.4
22,Saint-Philippe,CA,2019-11-06 03:46:36,45.36,-73.48,43.0,70,90,14.99
23,Inhambane,MZ,2019-11-06 03:46:37,-23.87,35.38,75.2,94,20,6.71
24,Bluff,AU,2019-11-06 03:46:37,-23.58,149.07,82.92,14,69,6.02
25,Vila Velha,BR,2019-11-06 03:46:38,-3.71,-38.6,80.6,74,75,13.87
26,Banepa,NP,2019-11-06 03:46:38,27.63,85.52,60.8,82,20,2.08
27,Lillooet,CA,2019-11-06 03:46:39,50.69,-121.94,39.2,93,90,5.82
28,Narsaq,GL,2019-11-06 03:46:39,60.91,-46.05,33.8,80,92,3.36
29,Akropong,GH,2019-11-06 03:46:40,5.97,-0.09,74.93,89,0,2.55
30,Dharchula,IN,2019-11-06 03:46:40,29.85,80.53,49.64,31,0,2.1
31,Hilo,US,2019-11-06 03:46:40,19.71,-155.08,82.4,65,1,5.82
32,Pionerskiy,RU,2019-11-06 03:46:41,61.2,62.86,28.09,96,100,5.23
33,Codrington,AU,2019-11-06 03:46:42,-28.95,153.24,82.4,20,0,6.93
34,Waingapu,ID,2019-11-06 03:46:42,-9.65,120.26,81.55,71,64,6.64
35,Birjand,IR,2019-11-06 03:46:43,32.86,59.22,30.2,42,0,6.93
36,Arraial Do Cabo,BR,2019-11-06 03:46:44,-22.97,-42.02,74.57,93,100,19.08
37,Vanavara,RU,2019-11-06 03:46:44,60.35,102.28,10.72,92,100,10.47
38,Nouadhibou,MR,2019-11-06 03:46:44,20.93,-17.03,68.0,72,0,20.8
39,Gaya,IN,2019-11-06 03:46:45,24.8,85.01,69.8,88,0,3.36
40,La Ferte-Bernard,FR,2019-11-06 03:46:45,48.19,0.65,48.0,100,90,3.36
41,Albany,US,2019-11-06 03:46:46,42.65,-73.75,45.0,78,90,6.78
42,Busselton,AU,2019-11-06 03:46:46,-33.64,115.35,72.0,33,0,8.01
43,Nikolskoye,RU,2019-11-06 03:46:47,59.7,30.79,34.0,55,100,11.18
44,Itacare,BR,2019-11-06 03:46:48,-14.28,-39.0,75.13,88,29,10.04
45,Cherskiy,RU,2019-11-06 03:46:48,68.75,161.3,14.32,75,87,1.36
46,Shibetsu,JP,2019-11-06 03:46:49,44.15,142.46,35.6,93,75,12.75
47,Tabas,IR,2019-11-06 03:46:50,33.6,56.92,46.4,42,0,4.7
48,Salalah,OM,2019-11-06 03:46:51,17.01,54.1,75.2,57,17,3.36
49,Biltine,TD,2019-11-06 03:46:51,14.53,20.93,74.62,17,0,11.7
50,Mataura,NZ,2019-11-06 03:46:52,-46.19,168.86,64.0,69,80,3.78
51,Nizwa,OM,2019-11-06 03:46:52,22.93,57.53,68.99,52,4,1.63
52,Thompson,CA,2019-11-06 03:45:50,55.74,-97.86,5.0,84,75,4.7
53,Punta Arenas,CL,2019-11-06 03:46:53,-53.16,-70.91,37.4,86,75,19.46
54,Huarmey,PE,2019-11-06 03:46:54,-10.07,-78.15,60.98,85,11,1.66
55,Chokurdakh,RU,2019-11-06 03:46:54,70.62,147.9,-2.24,96,67,3.58
56,Kandrian,PG,2019-11-06 03:46:55,-6.21,149.55,73.58,97,100,3.36
57,Tuy Hoa,VN,2019-11-06 03:46:55,13.08,109.3,78.13,78,100,17.67
58,Chuy,UY,2019-11-06 03:46:56,-33.69,-53.46,55.31,70,0,4.85
59,Alta Floresta,BR,2019-11-06 03:46:56,-9.87,-56.08,73.27,91,100,3.58
60,Ucluelet,CA,2019-11-06 03:46:57,48.94,-125.55,50.0,88,75,2.84
61,Te Anau,NZ,2019-11-06 03:42:16,-45.41,167.72,54.28,83,6,3.87
62,Tuktoyaktuk,CA,2019-11-06 03:46:58,69.44,-133.03,26.6,92,90,23.04
63,Arroyo,BO,2019-11-06 03:46:59,-11.08,-66.08,76.6,77,99,2.17
64,Srednekolymsk,RU,2019-11-06 03:46:59,67.46,153.71,3.31,94,100,4.23
65,Severo-Kurilsk,RU,2019-11-06 03:47:00,50.68,156.12,36.14,81,64,17.72
66,Skelleftea,SE,2019-11-06 03:44:31,64.75,20.95,8.6,92,99,6.93
67,East London,ZA,2019-11-06 03:44:03,-33.02,27.91,66.2,93,17,5.82
68,Nisia Floresta,BR,2019-11-06 03:47:02,-6.09,-35.21,77.0,78,20,9.17
69,Oistins,BB,2019-11-06 03:42:56,13.07,-59.53,82.4,78,40,18.34
70,Yellowknife,CA,2019-11-06 03:46:50,62.45,-114.38,10.4,78,90,2.24
71,Avarua,CK,2019-11-06 03:44:12,-21.21,-159.78,73.4,78,100,6.93
72,Atuona,PF,2019-11-06 03:47:04,-9.8,-139.03,80.76,78,25,18.92
73,Zheleznodorozhnyy,RU,2019-11-06 03:47:04,55.75,38.0,50.0,76,76,8.95
74,Tautira,PF,2019-11-06 03:47:05,-17.73,-149.15,84.2,70,20,2.24
75,Tiksi,RU,2019-11-06 03:47:05,71.64,128.87,-9.75,96,80,2.53
76,Esperance,AU,2019-11-06 03:47:05,-33.86,121.89,64.4,52,90,14.99
77,Kudahuvadhoo,MV,2019-11-06 03:47:06,2.67,72.89,81.99,74,100,10.98
78,Qasigiannguit,GL,2019-11-06 03:42:58,68.82,-51.19,18.99,71,94,4.32
79,Castro,CL,2019-11-06 03:47:07,-42.48,-73.76,45.01,94,97,5.84
80,Kavieng,PG,2019-11-06 03:47:08,-2.57,150.8,81.55,83,100,25.39
81,Yagodnoye,RU,2019-11-06 03:47:08,62.52,149.63,12.25,94,100,8.57
82,Tecoanapa,MX,2019-11-06 03:43:22,16.99,-99.26,84.2,79,75,2.24
83,Constitucion,MX,2019-11-06 03:47:09,23.99,-104.67,61.0,72,90,9.17
84,Lata,IN,2019-11-06 03:47:10,30.78,78.62,32.49,22,0,5.95
85,Khani,GE,2019-11-06 03:47:10,41.96,42.96,44.6,75,5,6.93
86,Lasa,CY,2019-11-06 03:47:11,34.92,32.53,66.2,63,0,10.29
87,Salinopolis,BR,2019-11-06 03:47:11,-0.61,-47.36,81.16,80,0,15.37
88,Hermanus,ZA,2019-11-06 03:47:12,-34.42,19.24,66.99,66,88,13.0
89,Souillac,FR,2019-11-06 03:47:12,45.6,-0.6,50.0,93,0,3.36
90,Pevek,RU,2019-11-06 03:47:13,69.7,170.27,15.67,79,88,3.74
91,Barrow,AR,2019-11-06 03:47:14,-38.31,-60.23,51.89,62,0,9.35
92,Benxi,CN,2019-11-06 03:47:14,41.29,123.76,44.6,26,90,2.24
93,Hovd,NO,2019-11-06 03:47:15,63.83,10.7,27.0,85,75,6.93
94,Camacha,PT,2019-11-06 03:47:15,33.08,-16.33,66.2,63,75,10.29
95,Mitsamiouli,KM,2019-11-06 03:42:32,-11.38,43.28,80.6,74,40,5.82
96,Norman Wells,CA,2019-11-06 03:47:17,65.28,-126.83,1.4,84,75,4.7
97,Saldanha,PT,2019-11-06 03:47:17,41.42,-6.55,43.56,90,71,8.86
98,Boende,CD,2019-11-06 03:47:19,-0.28,20.88,70.41,96,100,1.48
99,Vredendal,ZA,2019-11-06 03:47:20,-31.68,18.49,61.14,84,70,7.47
100,Dikson,RU,2019-11-06 03:47:20,73.51,80.55,-2.57,82,93,11.86
101,Sulangan,PH,2019-11-06 03:47:22,11.14,123.72,84.25,69,89,3.31
102,Edson,CA,2019-11-06 03:47:22,53.59,-116.44,14.0,92,90,3.36
103,Lebu,ET,2019-11-06 03:47:23,8.96,38.73,47.97,83,1,1.63
104,Juruti,BR,2019-11-06 03:47:23,-2.16,-56.09,83.35,67,31,4.03
105,Sitka,US,2019-11-06 03:47:24,37.17,-99.65,41.0,69,0,10.0
106,Tuatapere,NZ,2019-11-06 03:47:24,-46.13,167.69,61.43,66,52,2.77
107,Okha,RU,2019-11-06 03:47:25,53.59,142.95,33.51,95,100,18.5
108,Jamestown,AU,2019-11-06 03:47:25,-33.21,138.6,75.06,27,0,24.05
109,Tiznit,MA,2019-11-06 03:44:20,29.7,-9.73,52.3,90,68,2.95
110,Nyaunglebin,MM,2019-11-06 03:47:26,17.95,96.73,83.82,69,100,2.66
111,Vila Franca Do Campo,PT,2019-11-06 03:47:27,37.72,-25.43,60.8,72,75,1.12
112,Mahebourg,MU,2019-11-06 03:47:28,-20.41,57.7,77.0,83,40,3.36
113,Qaanaaq,GL,2019-11-06 03:47:29,77.48,-69.36,3.61,57,0,9.15
114,Byron Bay,AU,2019-11-06 03:47:29,-28.65,153.62,82.4,49,0,12.75
115,Lavrentiya,RU,2019-11-06 03:47:30,65.58,-170.99,25.66,81,8,12.08
116,Iralaya,HN,2019-11-06 03:47:31,15.0,-83.23,83.84,75,3,17.87
117,Orsha,BY,2019-11-06 03:47:31,54.51,30.43,46.76,94,100,7.94
118,Maputo,MZ,2019-11-06 03:44:33,-25.97,32.57,72.0,83,20,6.93
119,Quthing,LS,2019-11-06 03:47:32,-30.4,27.7,52.66,84,43,3.36
120,Aleksandrov Gay,RU,2019-11-06 03:47:32,50.14,48.57,45.28,62,100,16.46
121,Urengoy,RU,2019-11-06 03:47:33,65.96,78.37,5.49,94,14,9.48
122,Airai,TL,2019-11-06 03:47:33,-8.93,125.41,84.47,40,13,8.97
123,Carnarvon,ZA,2019-11-06 03:47:34,-30.97,22.13,64.65,40,33,5.41
124,Kiama,AU,2019-11-06 03:47:34,-34.67,150.86,82.4,17,0,17.22
125,Hofn,IS,2019-11-06 03:47:35,64.25,-15.21,33.22,91,100,15.23
126,Naze,NG,2019-11-06 03:47:36,5.43,7.07,73.4,94,75,2.62
127,Golkoy,TR,2019-11-06 03:47:36,40.69,37.62,51.8,87,0,2.24
128,Namatanai,PG,2019-11-06 03:47:36,-3.66,152.44,84.34,69,100,9.28
129,Leh,IN,2019-11-06 03:47:37,34.16,77.58,23.31,42,81,3.71
130,Tromso,NO,2019-11-06 03:47:37,69.65,18.96,28.99,100,94,5.82
131,Ahipara,NZ,2019-11-06 03:47:38,-35.17,173.16,75.99,65,100,13.09
132,Saint-Augustin,CA,2019-11-06 03:42:59,45.63,-73.98,42.8,89,90,9.17
133,Kodiak,US,2019-11-06 03:47:39,39.95,-94.76,45.0,72,1,9.17
134,Sungairaya,ID,2019-11-06 03:47:39,0.7,108.9,89.01,60,95,5.88
135,Port-Cartier,CA,2019-11-06 03:47:39,50.03,-66.88,42.8,93,90,9.17
136,Kruisfontein,ZA,2019-11-06 03:47:40,-34.0,24.73,57.18,53,63,2.82
137,Puerto Escondido,MX,2019-11-06 03:47:40,15.86,-97.07,80.6,74,40,3.36
138,Octeville,FR,2019-11-06 03:47:41,49.63,-1.64,54.0,87,61,5.82
139,Alice Springs,AU,2019-11-06 03:45:56,-23.7,133.88,87.8,6,15,12.75
140,Nanortalik,GL,2019-11-06 03:47:42,60.14,-45.24,35.29,88,27,20.92
141,Manohar Thana,IN,2019-11-06 03:47:42,24.24,76.8,74.07,56,1,6.29
142,Sinnamary,GF,2019-11-06 03:47:43,5.38,-52.96,82.13,80,0,14.85
143,San Ramon De La Nueva Oran,AR,2019-11-06 03:47:43,-23.13,-64.33,68.07,73,100,2.53
144,Geraldton,CA,2019-11-06 03:47:44,49.72,-86.95,15.8,78,90,6.93
145,Kysyl-Syr,RU,2019-11-06 03:47:45,63.9,122.77,-8.32,90,17,6.96
146,Vanimo,PG,2019-11-06 03:47:45,-2.67,141.3,82.22,74,51,5.61
147,Road Town,VG,2019-11-06 03:47:45,18.42,-64.62,81.0,83,20,6.93
148,Rancho Palos Verdes,US,2019-11-06 03:47:46,33.75,-118.37,68.0,77,1,4.7
149,Pisco,PE,2019-11-06 03:47:46,-13.71,-76.2,64.0,82,40,11.41
150,Gimli,CA,2019-11-06 03:47:47,50.63,-96.99,18.0,88,100,3.0
151,Cordoba,AR,2019-11-06 03:43:40,-27.78,-67.24,66.06,68,56,2.44
152,Salamiyah,SY,2019-11-06 03:47:48,35.01,37.05,61.25,55,0,3.74
153,Borisovka,RU,2019-11-06 03:47:49,50.61,36.01,51.8,93,90,8.95
154,Maceio,BR,2019-11-06 03:47:49,-9.67,-35.74,71.6,94,40,3.36
155,Stende,LV,2019-11-06 03:47:50,57.14,22.53,39.2,93,90,10.29
156,Saskylakh,RU,2019-11-06 03:47:51,71.97,114.09,-10.61,96,23,5.48
157,Bergen,NO,2019-11-06 03:47:52,60.39,5.33,41.0,74,75,6.93
158,Provideniya,RU,2019-11-06 03:43:23,64.42,-173.23,24.8,73,2,6.71
159,Neryungri,RU,2019-11-06 03:42:59,56.66,124.71,-4.83,91,100,14.03
160,Guerrero Negro,MX,2019-11-06 03:47:53,27.97,-114.04,66.61,76,88,11.81
161,Kaeo,NZ,2019-11-06 03:43:51,-35.1,173.78,75.99,65,100,8.23
162,Bethel,US,2019-11-06 03:47:54,60.79,-161.76,30.2,100,90,11.41
163,Rameswaram,IN,2019-11-06 03:47:54,9.28,79.3,81.73,73,70,5.68
164,Kahului,US,2019-11-06 03:47:55,20.89,-156.47,84.2,62,40,4.7
165,Trybukhivtsi,UA,2019-11-06 03:47:55,49.04,25.46,57.99,76,75,13.96
166,Ola,RU,2019-11-06 03:47:56,59.58,151.3,33.1,65,100,30.22
167,Toamasina,MG,2019-11-06 03:47:56,-18.17,49.38,73.4,94,75,4.7
168,Ust-Barguzin,RU,2019-11-06 03:47:57,53.41,109.03,25.39,63,100,0.96
169,Kargasok,RU,2019-11-06 03:47:57,59.06,80.87,28.63,93,100,12.8
170,Cabo San Lucas,MX,2019-11-06 03:43:45,22.89,-109.91,81.0,73,5,9.17
171,Sobolevo,RU,2019-11-06 03:47:58,54.43,31.9,47.16,94,100,8.7
172,Tshikapa,CD,2019-11-06 03:47:58,-6.42,20.79,69.4,96,100,6.31
173,Longyearbyen,NO,2019-11-06 03:47:59,78.22,15.63,8.6,71,75,2.24
174,Yeppoon,AU,2019-11-06 03:47:59,-23.13,150.74,86.0,10,21,6.93
175,Tongren,CN,2019-11-06 03:48:00,27.72,109.18,57.38,77,85,4.94
176,Ugoofaaru,MV,2019-11-06 03:48:00,5.67,73.0,81.28,77,100,12.48
177,Mecca,SA,2019-11-06 03:48:00,21.43,39.83,75.0,52,21,2.39
178,Sorong,ID,2019-11-06 03:48:01,-0.86,131.25,81.16,80,91,5.73
179,Iqaluit,CA,2019-11-06 03:48:01,63.75,-68.52,19.4,85,75,5.82
180,Ellensburg,US,2019-11-06 03:48:02,47.0,-120.55,44.6,69,1,6.93
181,Minyar,RU,2019-11-06 03:48:02,55.07,57.55,32.65,82,100,11.63
182,Storforshei,NO,2019-11-06 03:48:03,66.4,14.52,18.0,86,100,4.65
183,Tarakan,ID,2019-11-06 03:48:03,3.3,117.63,84.2,79,75,5.82
184,Perth,AU,2019-11-06 03:48:04,-31.95,115.86,75.0,37,69,6.93
185,Nushki,PK,2019-11-06 03:48:04,29.55,66.02,53.4,40,0,4.97
186,Itambacuri,BR,2019-11-06 03:48:04,-18.04,-41.68,71.92,76,92,3.4
187,Kasaoka,JP,2019-11-06 03:48:05,34.5,133.52,66.0,39,20,2.24
188,Garowe,SO,2019-11-06 03:48:05,8.41,48.48,73.74,85,100,4.52
189,Seoul,KR,2019-11-06 03:43:10,37.57,126.98,59.0,58,1,3.36
190,Veracruz,EC,2019-11-06 03:45:29,-3.97,-79.57,62.91,95,93,1.74
191,Buala,SB,2019-11-06 03:48:07,-8.15,159.59,84.61,68,99,5.88
192,Smirnykh,RU,2019-11-06 03:48:07,49.74,142.83,40.8,59,91,10.25
193,Faanui,PF,2019-11-06 03:48:08,-16.48,-151.75,81.57,71,10,6.49
194,Priladozhskiy,RU,2019-11-06 03:48:08,59.85,31.48,34.0,55,100,11.18
195,Lagoa,PT,2019-11-06 03:43:50,37.14,-8.45,55.99,87,0,6.93
196,El Carmen,AR,2019-11-06 03:48:09,-24.39,-65.26,68.0,82,90,4.7
197,Bakchar,RU,2019-11-06 03:48:10,57.02,82.07,30.09,76,100,14.79
198,Torbay,CA,2019-11-06 03:43:55,47.66,-52.73,43.0,86,90,5.82
199,Pangnirtung,CA,2019-11-06 03:48:11,66.15,-65.72,19.17,91,100,1.34
200,Marawi,PH,2019-11-06 03:48:11,8.0,124.29,84.99,66,49,5.01
201,Brae,GB,2019-11-06 03:44:25,60.4,-1.35,37.4,74,99,9.17
202,Vardo,US,2019-11-06 03:48:13,39.62,-77.74,52.0,61,40,16.11
203,Kaitangata,NZ,2019-11-06 03:48:13,-46.28,169.85,55.99,74,96,14.0
204,Kharp,RU,2019-11-06 03:48:13,66.82,65.8,8.83,93,20,6.91
205,Pacific Grove,US,2019-11-06 03:48:14,36.62,-121.92,60.01,82,90,7.11
206,Umea,SE,2019-11-06 03:48:15,63.83,20.26,24.8,79,90,9.17
207,Sai Buri,TH,2019-11-06 03:48:16,6.7,101.62,87.8,66,20,3.36
208,Adrar,DZ,2019-11-06 03:48:16,27.87,-0.29,66.2,25,0,6.93
209,Carauari,BR,2019-11-06 03:48:16,-4.88,-66.9,76.39,88,79,1.19
210,Hasaki,JP,2019-11-06 03:48:17,35.73,140.83,72.0,39,20,5.82
211,Teya,MX,2019-11-06 03:48:17,21.05,-89.07,82.0,88,5,6.93
212,Cristalina,BR,2019-11-06 03:48:18,-16.77,-47.61,73.49,75,67,5.5
213,Atar,MR,2019-11-06 03:48:18,20.52,-13.05,70.21,38,100,10.38
214,Goderich,CA,2019-11-06 03:48:18,43.74,-81.71,37.99,61,75,14.43
215,Awjilah,LY,2019-11-06 03:48:19,29.14,21.3,65.95,41,0,4.54
216,Beringovskiy,RU,2019-11-06 03:43:29,63.05,179.32,30.9,90,100,6.64
217,Karaman,TR,2019-11-06 03:48:20,37.18,33.22,45.91,76,0,0.69
218,Robertsganj,IN,2019-11-06 03:48:20,24.69,83.07,73.81,51,0,2.15
219,Remontnoye,RU,2019-11-06 03:48:21,46.56,43.66,46.4,100,87,8.95
220,Dunedin,NZ,2019-11-06 03:47:24,-45.87,170.5,55.0,73,99,13.0
221,Hobyo,SO,2019-11-06 03:48:22,5.35,48.53,78.21,82,87,4.68
222,Burnie,AU,2019-11-06 03:48:22,-41.05,145.91,60.01,68,100,21.99
223,Padang,ID,2019-11-06 03:44:24,-0.92,100.36,79.36,60,68,4.09
224,Mazyr,BY,2019-11-06 03:48:23,52.05,29.27,54.09,66,100,10.63
225,Kholodnyy,RU,2019-11-06 03:48:23,62.72,147.95,14.07,93,100,10.76
226,Guajara,BR,2019-11-06 03:48:24,-0.88,-48.16,77.0,94,0,5.82
227,Luderitz,NA,2019-11-06 03:48:24,-26.65,15.16,60.8,93,0,13.87
228,Sola,TZ,2019-11-06 03:48:25,-3.17,33.8,68.09,64,60,6.8
229,Salisbury,GB,2019-11-06 03:48:25,51.07,-1.8,46.99,93,11,4.7
230,Panama City,US,2019-11-06 03:46:33,30.16,-85.65,69.8,83,1,8.05
231,Diffa,NE,2019-11-06 03:48:26,13.32,12.61,79.27,22,0,8.5
232,Vilyuysk,RU,2019-11-06 03:48:26,63.75,121.63,-6.49,89,71,7.81
233,Bonavista,CA,2019-11-06 03:48:27,48.65,-53.11,39.99,82,68,1.01
234,Georgetown,GY,2019-11-06 03:47:09,6.8,-58.16,77.0,94,20,4.7
235,Ponta Do Sol,BR,2019-11-06 03:48:28,-20.63,-46.0,69.89,85,92,0.63
236,Prince Rupert,CA,2019-11-06 03:48:29,54.32,-130.32,48.2,93,90,5.82
237,Tabira,BR,2019-11-06 03:48:29,-7.58,-37.54,65.95,78,0,11.48
238,Nicoya,CR,2019-11-06 03:48:30,10.15,-85.45,80.6,65,37,11.41
239,Saint-Leu,RE,2019-11-06 03:48:30,-21.15,55.28,78.8,47,49,6.93
240,Maniitsoq,GL,2019-11-06 03:48:31,65.42,-52.9,30.78,77,96,8.48
241,Sangar,RU,2019-11-06 03:48:31,63.92,127.47,-10.68,93,100,10.0
242,Bubaque,GW,2019-11-06 03:48:32,11.28,-15.83,84.24,75,100,11.81
243,Ishigaki,JP,2019-11-06 03:48:32,24.34,124.16,77.0,61,40,20.8
244,Amposta,ES,2019-11-06 03:48:33,40.71,0.58,55.99,54,33,10.29
245,Bilma,NE,2019-11-06 03:48:33,18.69,12.92,71.38,23,0,0.63
246,Arlit,NE,2019-11-06 03:48:34,18.74,7.39,82.65,13,0,7.63
247,San Patricio,PY,2019-11-06 03:48:34,-26.98,-56.83,69.66,88,0,8.3
248,Teguldet,RU,2019-11-06 03:48:35,57.31,88.17,28.26,86,100,15.59
249,Swan River,CA,2019-11-06 03:48:35,52.11,-101.27,12.22,86,96,7.63
250,Turukhansk,RU,2019-11-06 03:48:36,65.8,87.96,18.66,94,100,9.57
251,Bredasdorp,ZA,2019-11-06 03:48:36,-34.53,20.04,66.99,87,100,5.1
252,Tasiilaq,GL,2019-11-06 03:48:36,65.61,-37.64,32.0,71,100,32.21
253,Christchurch,NZ,2019-11-06 03:45:02,-43.53,172.64,62.01,87,100,9.17
254,Worland,US,2019-11-06 03:48:37,44.02,-107.96,36.0,86,1,3.69
255,Khatanga,RU,2019-11-06 03:48:38,71.98,102.47,-5.66,82,0,11.9
256,Caucaia,BR,2019-11-06 03:48:38,-3.73,-38.66,80.6,74,75,13.87
257,Kailua,US,2019-11-06 03:48:39,21.39,-157.74,80.6,74,75,5.82
258,Kijang,KR,2019-11-06 03:48:39,35.24,129.21,64.4,36,0,4.7
259,Tual,ID,2019-11-06 03:48:39,-5.67,132.75,81.75,71,100,12.46
260,Batabano,CU,2019-11-06 03:48:40,22.72,-82.29,75.2,88,20,4.7
261,Zhangye,CN,2019-11-06 03:48:40,38.94,100.46,49.73,36,100,1.81
262,Antsohihy,MG,2019-11-06 03:48:41,-14.88,47.99,77.49,63,100,8.43
263,Wenchi,GH,2019-11-06 03:48:41,7.74,-2.1,71.85,88,100,2.8
264,Belyy Yar,RU,2019-11-06 03:48:42,53.6,91.39,26.6,100,79,2.24
265,Liverpool,GB,2019-11-06 03:43:53,53.41,-2.98,44.01,100,90,2.24
266,Dicabisagan,PH,2019-11-06 03:48:42,17.08,122.42,78.6,89,100,10.74
267,Tigil,RU,2019-11-06 03:48:43,57.8,158.67,41.32,71,0,24.58
268,Sambava,MG,2019-11-06 03:48:43,-14.27,50.17,72.32,85,100,2.77
269,Oranjestad,AW,2019-11-06 03:48:44,12.52,-70.03,84.2,79,20,14.99
270,Jutai,BR,2019-11-06 03:48:44,-1.71,-47.89,74.26,90,0,2.77
271,Acari,BR,2019-11-06 03:48:45,-6.44,-36.64,67.44,87,0,24.72
272,Kamenka,MD,2019-11-06 03:48:45,48.03,28.7,48.0,79,3,9.26
273,The Valley,AI,2019-11-06 03:46:48,18.22,-63.06,82.4,74,40,12.75
274,Consolacion Del Sur,CU,2019-11-06 03:48:46,22.5,-83.51,72.75,93,0,5.08
275,Ust-Kuyga,RU,2019-11-06 03:48:46,70.0,135.55,-5.55,98,99,1.57
276,Cofradia,MX,2019-11-06 03:48:47,20.03,-103.55,66.2,72,90,0.49
277,San Policarpo,PH,2019-11-06 03:48:47,12.18,125.51,86.4,65,0,4.92
278,Ribeira Grande,PT,2019-11-06 03:48:48,38.52,-28.7,58.39,72,100,5.37
279,Kiunga,PG,2019-11-06 03:48:49,-6.12,141.3,92.55,49,100,1.54
280,Totness,US,2019-11-06 03:48:50,33.74,-80.8,64.99,93,1,4.72
281,Slave Lake,CA,2019-11-06 03:48:50,55.28,-114.77,15.8,78,90,5.82
282,Jennings,AU,2019-11-06 03:48:51,-28.93,151.93,78.01,17,0,1.01
283,Pueblo Nuevo,AR,2019-11-06 03:48:52,-32.93,-68.73,66.2,48,20,8.05
284,Mweka,CD,2019-11-06 03:48:52,-4.85,21.56,69.8,98,100,3.49
285,Marzuq,YE,2019-11-06 03:48:53,14.4,46.47,59.49,61,0,0.96
286,Conakry,GN,2019-11-06 03:44:52,9.52,-13.7,80.62,83,100,4.76
287,Solnechnyy,RU,2019-11-06 03:48:54,50.72,136.64,27.61,70,95,3.96
288,San Rafael Del Sur,NI,2019-11-06 03:48:55,11.85,-86.44,77.0,88,20,4.7
289,La Rochelle,FR,2019-11-06 03:48:55,46.16,-1.15,53.6,81,16,17.22
290,Buturlino,RU,2019-11-06 03:48:55,55.57,44.9,47.73,84,67,17.16
291,Cidreira,BR,2019-11-06 03:48:56,-30.17,-50.22,67.06,79,100,8.99
292,Nyurba,RU,2019-11-06 03:48:56,63.29,118.35,-5.64,84,0,3.22
293,Jalu,LY,2019-11-06 03:48:57,29.03,21.55,65.95,41,0,4.54
294,General Roca,AR,2019-11-06 03:48:57,-39.03,-67.58,59.0,51,0,2.24
295,Soe,EE,2019-11-06 03:48:58,57.91,26.05,32.0,90,100,3.36
296,Zabaykalsk,CN,2019-11-06 03:48:58,49.64,117.33,25.88,38,55,14.79
297,Binga,ZW,2019-11-06 03:48:59,-17.62,27.34,76.84,53,15,10.67
298,Sijunjung,ID,2019-11-06 03:48:59,-0.69,100.95,83.14,53,100,1.83
299,Kataysk,RU,2019-11-06 03:48:59,56.29,62.58,36.14,94,100,10.0
300,Dingle,PH,2019-11-06 03:49:00,11.0,122.67,85.12,72,92,15.84
301,Isangel,VU,2019-11-06 03:49:01,-19.55,169.27,84.2,58,75,6.93
302,Makat,KZ,2019-11-06 03:49:01,47.65,53.35,33.03,43,99,14.67
303,Rio Grande,BR,2019-11-06 03:49:02,-32.03,-52.1,53.01,97,0,10.76
304,Namibe,AO,2019-11-06 03:49:02,-15.19,12.15,73.72,81,100,5.21
305,Bamako,ML,2019-11-06 03:47:12,12.65,-8.0,69.8,88,20,3.49
306,Araouane,ML,2019-11-06 03:49:03,18.9,-3.53,79.45,18,0,8.95
307,Moose Factory,CA,2019-11-06 03:49:04,51.26,-80.61,14.0,72,75,12.75
308,Kulhudhuffushi,MV,2019-11-06 03:49:04,6.62,73.07,81.91,78,100,14.7
309,Caravelas,BR,2019-11-06 03:49:04,-17.73,-39.27,71.71,92,7,8.75
310,Port Hedland,AU,2019-11-06 03:49:05,-20.31,118.58,102.31,14,37,21.3
311,Narasannapeta,IN,2019-11-06 03:49:05,18.42,84.04,78.4,73,100,5.26
312,Richards Bay,ZA,2019-11-06 03:49:06,-28.77,32.06,71.15,84,100,22.15
313,Klaksvik,FO,2019-11-06 03:49:06,62.23,-6.59,35.6,74,100,10.29
314,Okhotsk,RU,2019-11-06 03:49:07,59.36,143.24,24.82,72,100,23.87
315,Papillion,US,2019-11-06 03:47:31,41.15,-96.04,43.0,70,1,9.17
316,Elk Plain,US,2019-11-06 03:49:07,47.04,-122.37,50.0,100,1,2.24
317,Havelock,US,2019-11-06 03:49:08,34.88,-76.9,64.4,100,90,2.3
318,Yeniseysk,RU,2019-11-06 03:49:08,58.45,92.17,28.27,94,100,11.3
319,Urcos,PE,2019-11-06 03:49:09,-13.69,-71.62,51.8,66,90,6.93
320,Leningradskiy,RU,2019-11-06 03:49:09,69.38,178.42,14.99,79,64,7.94
321,Menongue,AO,2019-11-06 03:49:10,-14.66,17.68,61.56,91,100,2.3
322,Progreso,UY,2019-11-06 03:49:10,-34.68,-56.22,66.0,48,0,3.36
323,Anadyr,RU,2019-11-06 03:49:10,64.73,177.51,28.4,79,90,4.47
324,Karachi,PK,2019-11-06 03:44:24,24.87,67.03,82.4,69,40,4.7
325,Pangkalanbuun,ID,2019-11-06 03:49:11,-2.68,111.62,91.99,42,33,4.45
326,Seydi,NE,2019-11-06 03:49:12,13.34,7.75,78.75,20,0,6.96
327,Alpena,US,2019-11-06 03:49:12,45.06,-83.43,30.2,86,40,5.82
328,Ciuperceni,RO,2019-11-06 03:49:13,44.94,23.01,52.45,79,68,0.85
329,Kirkwall,GB,2019-11-06 03:49:13,58.98,-2.96,39.2,86,100,13.18
330,Broken Hill,AU,2019-11-06 03:49:14,-31.97,141.45,86.0,11,1,24.16
331,Ewa Beach,US,2019-11-06 03:49:15,21.32,-158.01,80.6,74,75,10.29
332,Hemsedal,NO,2019-11-06 03:49:15,60.86,8.55,17.01,84,100,1.19
333,Buin,CL,2019-11-06 03:49:16,-33.73,-70.74,62.6,45,0,6.93
334,Piranhas,BR,2019-11-06 03:49:16,-16.43,-51.82,71.19,82,39,4.81
335,Tokur,RU,2019-11-06 03:49:17,53.13,132.9,13.14,84,100,4.76
336,Saint George,GR,2019-11-06 03:45:13,39.45,22.34,53.6,81,20,5.82
337,Acapulco,MX,2019-11-06 03:49:17,16.86,-99.88,84.2,79,75,2.24
338,Sidrolandia,BR,2019-11-06 03:49:18,-20.93,-54.96,77.0,78,75,17.22
339,Ostrovnoy,RU,2019-11-06 03:49:18,68.05,39.51,27.36,81,99,6.87
340,Lagos,NG,2019-11-06 03:49:19,6.46,3.39,77.0,94,40,6.17
341,Sekoma,BW,2019-11-06 03:49:20,-24.51,23.93,72.72,34,13,14.38
342,Broome,GB,2019-11-06 03:49:20,52.47,1.45,43.0,93,99,5.82
343,Atasu,KZ,2019-11-06 03:49:21,48.68,71.64,23.95,88,30,6.29
344,Aklavik,CA,2019-11-06 03:49:21,68.22,-135.01,12.2,78,90,2.24
345,Fortuna,US,2019-11-06 03:49:21,40.6,-124.16,50.0,100,90,6.93
346,Cam Ranh,VN,2019-11-06 03:49:22,11.92,109.15,86.0,62,20,10.29
347,Yingcheng,CN,2019-11-06 03:49:22,30.93,113.57,66.2,59,72,4.47
348,San Quintin,PH,2019-11-06 03:49:23,17.54,120.52,79.7,84,83,4.81
349,Champaign,US,2019-11-06 03:44:54,40.12,-88.24,34.0,92,1,3.85
350,Abaete,BR,2019-11-06 03:49:23,-19.16,-45.45,75.78,74,29,3.27
351,Anahuac,MX,2019-11-06 03:49:24,26.44,-109.02,77.0,69,84,5.61
352,Krasnyy Yar,RU,2019-11-06 03:49:24,50.7,44.73,46.6,94,65,10.89
353,Sao Filipe,CV,2019-11-06 03:49:25,14.9,-24.5,77.94,69,95,19.51
354,Arbroath,GB,2019-11-06 03:49:26,56.56,-2.59,39.99,84,99,2.24
355,Touros,BR,2019-11-06 03:49:26,-5.2,-35.46,77.0,83,75,4.7
356,Aswan,EG,2019-11-06 03:49:27,24.09,32.9,67.86,26,98,10.69
357,Quatre Cocos,MU,2019-11-06 03:49:27,-20.21,57.76,77.0,83,40,3.36
358,Warrington,GB,2019-11-06 03:49:28,53.39,-2.59,44.01,100,65,2.24
359,Laguna,BZ,2019-11-06 03:49:28,16.17,-88.94,73.4,100,0,1.9
360,Urubicha,BO,2019-11-06 03:49:28,-15.63,-63.08,76.68,74,73,2.39
361,Rawson,AR,2019-11-06 03:49:29,-43.3,-65.11,60.62,45,1,24.96
362,Faya,SA,2019-11-06 03:49:29,18.39,42.45,53.6,42,25,7.11
363,Impfondo,CD,2019-11-06 03:49:30,1.62,18.06,68.86,98,0,1.72
364,Katsuura,JP,2019-11-06 03:49:30,33.93,134.5,64.4,55,20,11.41
365,Charters Towers,AU,2019-11-06 03:49:31,-20.07,146.27,93.87,17,70,6.85
366,Portobelo,PA,2019-11-06 03:49:31,9.55,-79.65,78.8,88,75,3.36
367,Elko,US,2019-11-06 03:49:31,40.83,-115.76,45.0,48,1,2.55
368,Buraydah,SA,2019-11-06 03:49:32,26.33,43.97,66.2,63,4,8.05
369,Damghan,IR,2019-11-06 03:49:32,36.17,54.34,45.54,33,0,4.27
370,Nuuk,GL,2019-11-06 03:49:33,64.17,-51.74,32.0,86,96,3.36
371,Ustye,RU,2019-11-06 03:49:33,58.76,27.79,30.9,77,100,7.4
372,Mwense,ZM,2019-11-06 03:49:34,-10.39,28.7,65.79,79,15,3.94
373,Corinto,CO,2019-11-06 03:49:34,3.17,-76.26,73.4,78,75,5.82
374,Berlevag,NO,2019-11-06 03:49:35,70.86,29.09,34.75,66,100,13.18
375,Antibes,FR,2019-11-06 03:49:35,43.58,7.11,54.0,71,33,9.17
376,Karlskrona,SE,2019-11-06 03:49:35,56.16,15.59,33.8,82,100,8.05
377,Zaozerne,UA,2019-11-06 03:49:36,51.37,23.94,49.51,92,100,5.37
378,Shimoda,JP,2019-11-06 03:49:37,34.7,138.93,66.2,68,20,5.82
379,Aykhal,RU,2019-11-06 03:49:38,65.95,111.51,-9.41,76,0,4.47
380,Rocha,UY,2019-11-06 03:45:26,-34.48,-54.34,49.98,52,0,5.53
381,Port Macquarie,AU,2019-11-06 03:49:39,-31.43,152.91,79.0,38,0,16.11
382,Victoria,BN,2019-11-06 03:45:08,5.28,115.24,80.6,78,75,9.17
383,Carlsbad,CZ,2019-11-06 03:48:22,50.23,12.87,41.0,100,90,4.36
384,Mar Del Plata,AR,2019-11-06 03:49:40,-46.43,-67.52,56.77,42,31,37.16
385,Alenquer,BR,2019-11-06 03:49:41,-1.95,-54.74,82.4,74,7,6.93
386,Billings,US,2019-11-06 03:49:18,45.79,-108.5,34.0,86,90,11.41
387,Tutoia,BR,2019-11-06 03:49:41,-2.76,-42.27,74.21,93,0,5.14
388,Teluknaga,ID,2019-11-06 03:49:42,-6.1,106.64,91.4,52,20,5.82
389,Takhtamygda,RU,2019-11-06 03:49:42,54.1,123.57,9.05,61,13,13.56
390,Hami,CN,2019-11-06 03:49:43,42.84,93.51,55.29,22,97,9.93
391,Opuwo,NA,2019-11-06 03:49:43,-18.06,13.84,69.64,26,44,2.55
392,Karratha,AU,2019-11-06 03:49:44,-20.74,116.85,80.71,54,0,14.58
393,Svetlaya,RU,2019-11-06 03:49:44,46.54,138.33,36.21,42,1,8.43
394,Kiboga,UG,2019-11-06 03:49:45,0.92,31.77,64.51,95,97,1.83
395,Sur,OM,2019-11-06 03:49:45,22.57,59.53,78.58,66,0,8.23
396,Golden,US,2019-11-06 03:49:45,39.76,-105.22,46.99,86,1,5.32
397,Cap Malheureux,MU,2019-11-06 03:49:46,-19.98,57.61,77.0,83,40,3.36
398,Shitanjing,CN,2019-11-06 03:49:46,39.23,106.34,52.59,57,9,0.98
399,Khudumelapye,BW,2019-11-06 03:49:47,-23.91,24.95,69.94,42,6,12.91
400,Fukue,JP,2019-11-06 03:49:48,35.03,136.69,64.99,51,0,4.7
401,Manado,ID,2019-11-06 03:45:11,1.49,124.85,89.6,55,20,4.7
402,Haines Junction,CA,2019-11-06 03:49:49,60.75,-137.51,10.27,80,99,1.34
403,Guayanilla,PR,2019-11-06 03:49:49,18.02,-66.79,81.0,88,1,6.93
404,Boa Vista,BR,2019-11-06 03:49:50,2.82,-60.67,78.8,78,23,5.82
405,Belomorsk,RU,2019-11-06 03:49:50,64.52,34.76,20.44,87,0,8.68
406,Port Hardy,CA,2019-11-06 03:45:08,50.7,-127.42,44.6,100,90,4.7
407,Umarizal,BR,2019-11-06 03:49:51,-5.99,-37.82,70.32,80,0,4.43
408,Dali,CN,2019-11-06 03:49:52,34.79,109.94,56.3,55,100,9.28
409,Sao Joao Da Barra,BR,2019-11-06 03:49:53,-21.64,-41.05,77.43,83,69,6.46
410,Nucsoara,RO,2019-11-06 03:49:53,45.33,24.78,55.99,73,42,8.16
411,Koppies,ZA,2019-11-06 03:49:54,-27.24,27.57,63.52,64,59,8.16
412,Hammerfest,NO,2019-11-06 03:49:55,70.66,23.68,21.2,92,0,4.7
413,Tigre,AR,2019-11-06 03:49:55,-34.42,-58.58,68.0,72,0,2.24
414,Half Moon Bay,US,2019-11-06 03:49:56,37.46,-122.43,64.0,93,90,9.17
415,Bedford,US,2019-11-06 03:49:56,32.84,-97.14,64.99,100,90,1.99
416,Vila Praia De Ancora,PT,2019-11-06 03:49:57,41.81,-8.85,59.0,100,75,4.7
417,Gouyave,GD,2019-11-06 03:49:57,12.16,-61.73,82.4,78,40,11.41
418,Winnemucca,US,2019-11-06 03:49:58,40.97,-117.74,46.99,40,1,4.7
419,Mandal,MN,2019-11-06 03:49:59,48.82,106.5,26.4,45,0,2.82
420,Tingo Maria,PE,2019-11-06 03:49:59,-9.29,-76.01,59.23,95,92,3.29
421,Agnibilekrou,CI,2019-11-06 03:49:59,7.13,-3.2,71.2,96,100,1.79
422,Ruyigi,BI,2019-11-06 03:50:00,-3.47,30.25,65.68,75,100,1.3
423,Weligama,LK,2019-11-06 03:50:00,5.97,80.42,79.32,81,82,5.32
424,Mount Gambier,AU,2019-11-06 03:50:01,-37.83,140.78,59.0,62,75,23.04
425,Bautar,RO,2019-11-06 03:50:01,45.52,22.57,58.06,64,72,11.01
426,Zyryanskoye,RU,2019-11-06 03:50:02,56.83,86.62,29.68,76,96,15.84
427,Casa Nova,BR,2019-11-06 03:50:02,-16.03,-44.16,73.81,58,33,0.56
428,Beira,ES,2019-11-06 03:50:03,43.2,-8.36,54.0,93,75,3.36
429,Antofagasta,CL,2019-11-06 03:50:03,-23.65,-70.4,60.8,72,90,5.82
430,Bayeux,BR,2019-11-06 03:50:04,-7.13,-34.94,77.0,83,75,5.82
431,Iquitos,PE,2019-11-06 03:47:40,-3.75,-73.25,77.0,88,75,6.93
432,Comodoro Rivadavia,AR,2019-11-06 03:50:05,-45.87,-67.48,59.0,51,88,33.33
433,Novy Jicin,CZ,2019-11-06 03:50:05,49.59,18.01,46.4,93,90,1.12
434,Molteno,ZA,2019-11-06 03:50:06,-31.4,26.36,60.21,66,23,22.06
435,Paris,FR,2019-11-06 03:47:47,48.86,2.35,48.99,87,75,5.82
436,Yakeshi,CN,2019-11-06 03:50:07,49.28,120.73,19.0,46,100,9.98
437,Luanda,AO,2019-11-06 03:50:07,-8.83,13.24,78.03,84,99,3.69
438,Kodinsk,RU,2019-11-06 03:50:07,58.6,99.18,21.29,87,100,9.78
439,Najran,SA,2019-11-06 03:50:08,17.54,44.22,59.0,44,0,1.86
440,Chara,GR,2019-11-06 03:50:08,39.42,22.43,53.6,81,20,5.82
441,Arosa,CH,2019-11-06 03:50:09,46.78,9.68,43.0,91,5,4.7
442,Ahuimanu,US,2019-11-06 03:50:09,21.44,-157.84,80.6,74,75,5.82
443,Natal,BR,2019-11-06 03:46:34,-5.81,-35.21,77.0,78,20,9.17
444,Mehamn,NO,2019-11-06 03:50:10,71.03,27.85,27.88,74,97,8.97
445,Gladstone,AU,2019-11-06 03:50:11,-23.84,151.26,84.99,31,0,13.87
446,Esso,RU,2019-11-06 03:50:11,55.93,158.7,27.48,97,100,4.43
447,Cassilandia,BR,2019-11-06 03:50:11,-19.11,-51.73,72.99,86,100,1.63
448,Gamba,CN,2019-11-06 03:50:12,28.28,88.52,32.4,31,0,3.62
449,Marilia,BR,2019-11-06 03:50:13,-8.64,-48.82,76.35,86,96,0.58
450,Gat,SN,2019-11-06 03:50:13,14.69,-16.54,75.2,78,0,13.87
451,Lethem,GY,2019-11-06 03:50:14,3.38,-59.8,80.58,70,0,7.76
452,Tianpeng,CN,2019-11-06 03:50:14,28.88,112.34,64.67,50,94,4.97
453,Stokmarknes,NO,2019-11-06 03:50:14,68.56,14.91,26.01,91,98,3.0
454,Celestun,MX,2019-11-06 03:50:15,20.87,-90.4,81.91,79,0,20.96
455,Sao Raimundo Das Mangabeiras,BR,2019-11-06 03:50:15,-7.02,-45.48,77.67,71,0,1.97
456,Rosita,NI,2019-11-06 03:50:16,13.92,-84.4,70.32,99,3,2.82
457,Skanderborg,DK,2019-11-06 03:50:17,56.04,9.93,39.2,86,100,6.93
458,Bambous Virieux,MU,2019-11-06 03:50:17,-20.34,57.76,77.0,83,40,3.36
459,Scarborough,GB,2019-11-06 03:50:17,54.28,-0.41,42.01,93,82,5.82
460,Ilulissat,GL,2019-11-06 03:50:18,69.22,-51.1,18.99,71,94,4.32
461,Tyup,KG,2019-11-06 03:50:18,42.73,78.36,28.27,58,97,1.81
462,Upernavik,GL,2019-11-06 03:50:19,72.79,-56.15,17.8,68,100,6.04
463,Alekseyevsk,RU,2019-11-06 03:50:19,57.84,108.35,10.74,80,100,3.56
464,Bereda,ES,2019-11-06 03:50:20,43.27,-7.54,57.0,93,75,3.36
465,Yumen,CN,2019-11-06 03:50:20,40.29,97.04,49.05,25,100,13.4
466,Lorengau,PG,2019-11-06 03:50:20,-2.02,147.27,83.73,69,100,13.78
467,Tashigang,CN,2019-11-06 03:50:21,29.3,88.13,30.4,14,0,5.46
468,Anchorage,US,2019-11-06 03:48:23,61.22,-149.89,35.6,74,90,9.17
469,Beloha,MG,2019-11-06 03:50:22,-25.17,45.06,71.65,82,80,11.48
470,Mareeba,AU,2019-11-06 03:50:23,-16.99,145.42,90.0,48,75,12.75
471,Yulara,AU,2019-11-06 03:50:23,-25.24,130.99,89.6,7,15,6.93
472,Margate,AU,2019-11-06 03:50:23,-43.03,147.26,66.2,19,75,16.11
473,Iracoubo,GF,2019-11-06 03:50:24,5.48,-53.21,82.13,80,0,14.85
474,Kenitra,MA,2019-11-06 03:50:24,34.26,-6.57,54.0,93,75,8.05
475,Waterfoot,GB,2019-11-06 03:50:25,53.69,-2.25,43.0,93,69,1.12
476,Ottawa,CA,2019-11-06 03:46:16,45.42,-75.69,39.0,74,75,9.17
477,Jiuquan,CN,2019-11-06 03:50:26,39.73,98.49,40.21,38,100,3.04
478,Towada,JP,2019-11-06 03:50:27,40.61,141.21,52.0,53,75,26.4
479,Nicolas Bravo,MX,2019-11-06 03:50:27,24.39,-104.74,61.0,72,90,9.17
480,Kavaratti,IN,2019-11-06 03:50:28,10.57,72.64,84.2,79,40,6.93
481,Russell,US,2019-11-06 03:50:28,38.9,-98.86,43.0,65,1,11.41
482,Togitsu,JP,2019-11-06 03:50:29,32.83,129.83,68.0,42,20,4.7
483,Barcelos,BR,2019-11-06 03:50:29,-0.97,-62.93,79.2,74,27,2.73
484,Flagstaff,US,2019-11-06 03:50:29,35.2,-111.65,60.8,29,1,8.05
485,Concordia,AR,2019-11-06 03:49:45,-31.4,-58.02,66.0,72,0,3.0
486,Tezu,IN,2019-11-06 03:50:30,27.93,96.16,73.35,52,0,2.8
487,Sharya,RU,2019-11-06 03:50:31,58.37,45.52,46.9,91,100,14.18
488,Paita,PE,2019-11-06 03:50:31,-5.09,-81.11,66.79,76,45,8.16
489,Saint Anthony,US,2019-11-06 03:50:32,43.97,-111.68,42.8,52,1,5.82
490,Taft,PH,2019-11-06 03:50:32,11.9,125.42,86.4,65,0,4.92
491,Sesvete,HR,2019-11-06 03:50:32,45.83,16.11,50.0,93,20,2.24
492,Ihosy,MG,2019-11-06 03:50:33,-22.4,46.13,62.31,88,7,8.97
493,Ancud,CL,2019-11-06 03:50:33,-41.87,-73.83,50.72,87,100,7.92
494,Pittsfield,US,2019-11-06 03:50:34,39.61,-90.81,46.0,64,75,3.36
495,Sarankhola,BD,2019-11-06 03:50:34,22.31,89.79,79.66,68,100,6.89
496,Baykit,RU,2019-11-06 03:50:35,61.68,96.39,15.1,94,100,4.09
497,Yalta,UA,2019-11-06 03:50:35,46.96,37.27,53.55,92,0,8.32
498,Kawalu,ID,2019-11-06 03:50:36,-7.38,108.21,84.22,50,50,4.45
499,Orodara,BF,2019-11-06 03:50:36,10.98,-4.92,77.0,78,0,3.49
500,Yarmouth,CA,2019-11-06 03:50:30,43.84,-66.12,57.99,100,90,14.99
501,Hattiesburg,US,2019-11-06 03:50:37,31.33,-89.29,55.4,93,1,4.92
502,Makakilo City,US,2019-11-06 03:50:37,21.35,-158.09,80.6,78,40,9.17
503,Kieta,PG,2019-11-06 03:50:38,-6.22,155.63,84.22,63,100,3.27
504,Kpandae,GH,2019-11-06 03:50:38,8.46,-0.01,76.53,80,0,4.09
505,Pahrump,US,2019-11-06 03:50:39,36.21,-115.98,62.01,16,1,1.23
506,Prijepolje,RS,2019-11-06 03:50:39,43.39,19.65,55.4,82,40,10.29
507,Panukulan,PH,2019-11-06 03:50:39,14.93,121.81,82.72,81,6,7.87
508,Paraiso,BR,2019-11-06 03:50:40,-0.03,-51.17,80.6,100,0,6.93
509,Espinosa,BR,2019-11-06 03:50:40,-14.92,-42.81,71.85,60,0,6.49
510,Gillette,US,2019-11-06 03:50:41,44.29,-105.5,37.0,100,1,8.05
511,Inongo,CD,2019-11-06 03:50:41,-1.93,18.29,71.53,96,99,2.57
512,Siirt,TR,2019-11-06 03:50:41,37.93,41.94,43.92,51,2,1.07
513,Port Lincoln,AU,2019-11-06 03:50:42,-34.72,135.86,65.35,48,0,21.12
514,Jumla,NP,2019-11-06 03:50:42,29.28,82.18,50.9,25,0,1.21
515,Maragogi,BR,2019-11-06 03:50:43,-9.01,-35.22,77.77,75,83,15.39
516,Carutapera,BR,2019-11-06 03:50:43,-1.2,-46.02,81.0,80,0,13.33
517,San Cristobal,HN,2019-11-06 03:50:44,14.68,-86.92,64.9,94,6,2.26
518,Kasama,ZM,2019-11-06 03:50:44,-10.21,31.19,61.56,79,0,4.74
519,Xunchang,CN,2019-11-06 03:50:45,28.45,104.71,56.53,87,100,1.28
520,Neiafu,TO,2019-11-06 03:50:45,-18.65,-173.98,78.8,65,40,8.05
521,Taonan,CN,2019-11-06 03:50:46,45.34,122.78,33.62,24,100,4.29
522,Krasnyy Chikoy,RU,2019-11-06 03:50:46,50.36,108.75,23.59,58,50,4.09
523,Evensk,RU,2019-11-06 03:50:47,61.92,159.24,29.05,91,100,39.88
524,Lienz,AT,2019-11-06 03:50:47,46.83,12.77,36.0,96,100,0.16
525,Imbituba,BR,2019-11-06 03:50:48,-28.24,-48.67,69.8,73,40,14.99
526,Westport,US,2019-11-06 03:50:48,41.14,-73.36,55.99,81,1,4.7
527,Wanaka,NZ,2019-11-06 03:50:49,-44.7,169.14,54.57,52,72,6.64
528,Hanyang,CN,2019-11-06 03:50:49,32.14,105.51,59.56,72,94,1.12
529,Bauska,LV,2019-11-06 03:50:50,56.41,24.19,35.6,100,90,9.17
530,Gravelbourg,CA,2019-11-06 03:50:50,49.88,-106.56,17.19,74,100,16.49
531,Pitimbu,BR,2019-11-06 03:50:51,-7.47,-34.81,77.0,83,75,5.82
532,Libenge,CD,2019-11-06 03:50:51,3.65,18.64,69.67,95,90,0.31
533,Haapiti,PF,2019-11-06 03:50:52,-17.57,-149.87,84.2,70,20,2.24
534,Yar-Sale,RU,2019-11-06 03:50:52,66.83,70.83,14.52,89,41,12.17
535,Taunggyi,MM,2019-11-06 03:50:53,20.78,97.03,74.12,71,14,0.65
536,Hambantota,LK,2019-11-06 03:50:54,6.12,81.12,80.6,94,40,6.93
537,Kachug,RU,2019-11-06 03:50:54,53.96,105.89,16.92,77,100,3.69
538,Matay,EG,2019-11-06 03:50:55,28.42,30.79,61.3,92,0,8.01
539,Kamogawa,JP,2019-11-06 03:50:56,35.13,140.08,71.01,59,20,4.7
540,Haimen,CN,2019-11-06 03:50:56,31.87,121.18,68.0,56,100,4.0
541,Ozernovskiy,RU,2019-11-06 03:50:57,51.5,156.52,38.75,78,100,22.41
542,Pringsewu,ID,2019-11-06 03:50:57,-5.36,104.98,84.74,56,53,6.49
543,Atambua,ID,2019-11-06 03:50:58,-9.11,124.89,88.9,50,7,4.16
544,Marsaxlokk,MT,2019-11-06 03:50:58,35.84,14.54,69.8,83,99,5.82
545,Portland,US,2019-11-06 03:49:03,43.66,-70.25,51.01,100,75,3.36
546,Santa Isabel Do Rio Negro,BR,2019-11-06 03:50:59,-0.41,-65.02,76.44,88,59,1.83
547,Emerald,AU,2019-11-06 03:50:59,-23.53,148.16,87.01,13,82,6.93
548,Feijo,EC,2019-11-06 03:51:00,-3.63,-79.92,89.6,33,75,3.36
549,Springbok,ZA,2019-11-06 03:51:00,-29.67,17.88,56.48,47,1,7.36
550,Bang Racham,TH,2019-11-06 03:51:00,14.89,100.32,86.0,58,72,1.99
551,Shellbrook,CA,2019-11-06 03:51:01,53.22,-106.39,14.0,72,40,11.41
552,College,US,2019-11-06 03:51:01,64.86,-147.8,19.0,92,1,3.91
553,Havre-Saint-Pierre,CA,2019-11-06 03:51:02,50.23,-63.6,42.8,93,90,10.29
554,Palmer,AU,2019-11-06 03:51:02,-34.85,139.16,70.0,55,40,25.28
555,Bazaliya,UA,2019-11-06 03:51:03,49.71,26.47,56.25,60,100,17.11
556,Dakar,SN,2019-11-06 03:49:25,14.69,-17.45,78.8,78,0,13.87
557,Boffa,GN,2019-11-06 03:51:04,10.18,-14.04,79.18,87,100,2.55
558,Kununurra,AU,2019-11-06 03:51:04,-15.77,128.74,98.6,9,55,9.17
